MAE,MSE,R2
0.28689999999999999,0.1628,0.82199999999999995
,,

